{
  "pyramide-01": {
    "position": [
      22.3052965419773,
      25.7199987411499,
      -196.95539833479944
    ],
    "rotation": [
      0,
      0,
      0
    ],
    "scale": [
      50,
      50,
      50
    ]
  },
  "tempelgr-01": {
    "position": [
      98.99439743240828,
      0,
      -214.8173417986981
    ],
    "rotation": [
      0,
      -3.141592653589793,
      0
    ],
    "scale": [
      1.4,
      1.4,
      1.4
    ]
  },
  "tempelgr-02": {
    "position": [
      -55.062561907158354,
      0,
      -199.39083474140122
    ],
    "rotation": [
      0,
      0,
      0
    ],
    "scale": [
      1.4,
      1.4,
      1.4
    ]
  },
  "tempelkl-01": {
    "position": [
      -108.57272285468258,
      0,
      -15.722556041312721
    ],
    "rotation": [
      0,
      0,
      0
    ],
    "scale": [
      2,
      2,
      2
    ]
  },
  "tempelkl-02": {
    "position": [
      91.61248586123122,
      -0.5760592764019966,
      -102.4982685592298
    ],
    "rotation": [
      0,
      0,
      0
    ],
    "scale": [
      2,
      2,
      2
    ]
  },
  "tempelkl-03": {
    "position": [
      152.2475748547202,
      -0.17045927643775938,
      -11.08706946824239
    ],
    "rotation": [
      0,
      0,
      0
    ],
    "scale": [
      2,
      2,
      2
    ]
  },
  "tempelkl-04": {
    "position": [
      -41.018317584929214,
      0,
      -102.36958969826324
    ],
    "rotation": [
      0,
      0,
      0
    ],
    "scale": [
      2,
      2,
      2
    ]
  },
  "kirche-01": {
    "position": [
      20.889192428796385,
      0,
      -97.26592101020391
    ],
    "rotation": [
      0,
      -1.5707963267948966,
      0
    ],
    "scale": [
      10,
      10,
      10
    ]
  },
  "tempelgrex-01": {
    "position": [
      -88.82902955420813,
      -3.907870843105379,
      -87.82463387165215
    ],
    "rotation": [
      0,
      1.5707963267948966,
      0
    ],
    "scale": [
      1.5,
      1.5,
      1.5
    ]
  },
  "tempelgrex-02": {
    "position": [
      -41.9447535533771,
      -3.794949514053814,
      -18.43614859593292
    ],
    "rotation": [
      0,
      1.5707963267948966,
      0
    ],
    "scale": [
      1.5,
      1.5,
      1.5
    ]
  },
  "tempelgrex-03": {
    "position": [
      158.62537531507218,
      -4.12812133250168,
      -84.75582210700873
    ],
    "rotation": [
      0,
      1.5707963267948966,
      0
    ],
    "scale": [
      1.5,
      1.5,
      1.5
    ]
  },
  "tempelgrex-04": {
    "position": [
      105.66941005549482,
      -3.802627542210376,
      -17.063230999794623
    ],
    "rotation": [
      0,
      1.5707963267948966,
      0
    ],
    "scale": [
      1.5,
      1.5,
      1.5
    ]
  },
  "walllong-01": {
    "position": [
      181.5421815779086,
      0,
      4.350161466585551
    ],
    "rotation": [
      0,
      3.141592653589793,
      0
    ],
    "scale": [
      0.2,
      0.2,
      0.2
    ]
  },
  "walllong-02": {
    "position": [
      -137.80202147775285,
      0,
      -242.40075903756036
    ],
    "rotation": [
      0,
      0,
      0
    ],
    "scale": [
      0.2,
      0.2,
      0.2
    ]
  },
  "walllong-03": {
    "position": [
      144.26662159776214,
      0,
      -277.93374246709107
    ],
    "rotation": [
      0,
      -1.5707963267948966,
      0
    ],
    "scale": [
      0.2,
      0.2,
      0.2
    ]
  },
  "walllong-04": {
    "position": [
      -15.112967691812267,
      0,
      -278.01569238564315
    ],
    "rotation": [
      0,
      -1.5707963267948966,
      0
    ],
    "scale": [
      0.2,
      0.2,
      0.2
    ]
  },
  "walllong-05": {
    "position": [
      -137.80202147775285,
      0,
      -82.65402432086798
    ],
    "rotation": [
      0,
      0,
      0
    ],
    "scale": [
      0.2,
      0.2,
      0.2
    ]
  },
  "walllong-06": {
    "position": [
      181.5421815779086,
      0,
      -155.21475909289185
    ],
    "rotation": [
      0,
      3.141592653589793,
      0
    ],
    "scale": [
      0.2,
      0.2,
      0.2
    ]
  },
  "walllong-07": {
    "position": [
      58.74499943098045,
      0,
      40.37090406210939
    ],
    "rotation": [
      0,
      1.5707963267948966,
      0
    ],
    "scale": [
      0.2,
      0.2,
      0.2
    ]
  },
  "walllong-08": {
    "position": [
      -116.5591149613541,
      0,
      40.213224380211216
    ],
    "rotation": [
      0,
      1.5707963267948966,
      0
    ],
    "scale": [
      0.2,
      0.2,
      0.2
    ]
  },
  "cypress-01": {
    "position": [
      6.991224602317848,
      0,
      -19.119377243410188
    ],
    "rotation": [
      0,
      0.3,
      0
    ],
    "scale": [
      0.7,
      0.7,
      0.7
    ]
  },
  "cypress-02": {
    "position": [
      4.533311895181247,
      0,
      -0.7442859110631863
    ],
    "rotation": [
      0,
      0.3,
      0
    ],
    "scale": [
      0.7,
      0.7,
      0.7
    ]
  },
  "cypress-03": {
    "position": [
      3.8141288968721803,
      -0.3466654640622437,
      15.690510666737651
    ],
    "rotation": [
      0,
      0.3,
      0
    ],
    "scale": [
      0.7,
      0.7,
      0.7
    ]
  },
  "cypress-04": {
    "position": [
      3.6635130981943407,
      0,
      30.695251690285254
    ],
    "rotation": [
      0,
      0.3,
      0
    ],
    "scale": [
      0.7,
      0.7,
      0.7
    ]
  },
  "cypress-05": {
    "position": [
      40.50057851437955,
      0,
      -18.757649312283583
    ],
    "rotation": [
      0,
      0.3,
      0
    ],
    "scale": [
      0.7,
      0.7,
      0.7
    ]
  },
  "cypress-06": {
    "position": [
      3.405536914965623,
      0,
      53.773565342460394
    ],
    "rotation": [
      0,
      0.3,
      0
    ],
    "scale": [
      0.7,
      0.7,
      0.7
    ]
  },
  "cypress-07": {
    "position": [
      41.34057971581113,
      0,
      1.2875157447708916
    ],
    "rotation": [
      0,
      0.3,
      0
    ],
    "scale": [
      0.7,
      0.7,
      0.7
    ]
  },
  "cypress-08": {
    "position": [
      41.89730156809664,
      0,
      15.717484052117523
    ],
    "rotation": [
      0,
      0.3,
      0
    ],
    "scale": [
      0.7,
      0.7,
      0.7
    ]
  },
  "cypress-09": {
    "position": [
      38.184649891704055,
      -0.3466654640622437,
      52.16960565306438
    ],
    "rotation": [
      0,
      0.3,
      0
    ],
    "scale": [
      0.7,
      0.7,
      0.7
    ]
  },
  "cypress-10": {
    "position": [
      40.64017601934104,
      0,
      28.545381591951266
    ],
    "rotation": [
      0,
      0.3,
      0
    ],
    "scale": [
      0.7,
      0.7,
      0.7
    ]
  },
  "supercar-01": {
    "position": [
      50,
      0,
      -30
    ],
    "rotation": [
      0,
      1.5707963267948966,
      0
    ],
    "scale": [
      2,
      2,
      2
    ]
  },
  "bodenplatte-01": {
    "position": [
      21.992828483502496,
      0,
      -118.69978605097798
    ],
    "rotation": [
      0,
      -1.5707963267948966,
      0
    ],
    "scale": [
      2,
      2,
      2
    ]
  }
}