{
  "pyramide-01": {
    "position": [
      27.482896541881935,
      25.7199987411499,
      -196.95539833479944
    ],
    "rotation": [
      0,
      0,
      0
    ],
    "scale": [
      50,
      50,
      50
    ]
  },
  "tempelgr-01": {
    "position": [
      105.97039743240829,
      0,
      -214.8173417986981
    ],
    "rotation": [
      0,
      -3.141592653589793,
      0
    ],
    "scale": [
      1.4,
      1.4,
      1.4
    ]
  },
  "tempelgr-02": {
    "position": [
      -51.254561907158354,
      0,
      -199.39083474140122
    ],
    "rotation": [
      0,
      0,
      0
    ],
    "scale": [
      1.4,
      1.4,
      1.4
    ]
  },
  "tempelkl-01": {
    "position": [
      -105.93272285468257,
      0,
      -15.386556041789555
    ],
    "rotation": [
      0,
      0,
      0
    ],
    "scale": [
      1.5,
      1.5,
      1.5
    ]
  },
  "tempelkl-02": {
    "position": [
      92.90208586113587,
      -0.5760592764019966,
      -109.46466855932515
    ],
    "rotation": [
      0,
      0,
      0
    ],
    "scale": [
      1.5,
      1.5,
      1.5
    ]
  },
  "tempelkl-03": {
    "position": [
      155.90197485481556,
      -0.17045927643775938,
      -11.08706946824239
    ],
    "rotation": [
      0,
      0,
      0
    ],
    "scale": [
      1.5,
      1.5,
      1.5
    ]
  },
  "tempelkl-04": {
    "position": [
      -39.53671758502458,
      0,
      -108.58078969807251
    ],
    "rotation": [
      0,
      0,
      0
    ],
    "scale": [
      1.5,
      1.5,
      1.5
    ]
  },
  "kirche-01": {
    "position": [
      27.167592428414913,
      0,
      -100.20032100934559
    ],
    "rotation": [
      0,
      -1.5707963267948966,
      0
    ],
    "scale": [
      10,
      10,
      10
    ]
  },
  "tempelgrex-01": {
    "position": [
      -88.82902955420813,
      -2.8387788241326732,
      -87.82463387165215
    ],
    "rotation": [
      0,
      1.5707963267948966,
      0
    ],
    "scale": [
      1.5,
      1.5,
      1.5
    ]
  },
  "tempelgrex-02": {
    "position": [
      -41.896753552900265,
      -2.8387788241326732,
      -32.7497485963144
    ],
    "rotation": [
      0,
      1.5707963267948966,
      0
    ],
    "scale": [
      1.5,
      1.5,
      1.5
    ]
  },
  "tempelgrex-03": {
    "position": [
      158.62537531507218,
      -2.8387788241326732,
      -84.75582210700873
    ],
    "rotation": [
      0,
      1.5707963267948966,
      0
    ],
    "scale": [
      1.5,
      1.5,
      1.5
    ]
  },
  "tempelgrex-04": {
    "position": [
      106.95581005511337,
      -2.8387788241326732,
      -32.61356741884344
    ],
    "rotation": [
      0,
      1.5707963267948966,
      0
    ],
    "scale": [
      1.5,
      1.5,
      1.5
    ]
  },
  "walllong-01": {
    "position": [
      189,
      0,
      -0.956699746657506
    ],
    "rotation": [
      0,
      3.141592653589793,
      0
    ],
    "scale": [
      0.2,
      0.2,
      0.2
    ]
  },
  "walllong-02": {
    "position": [
      -138.09176392472293,
      0,
      -279.8415655779922
    ],
    "rotation": [
      0,
      0,
      0
    ],
    "scale": [
      0.2,
      0.2,
      0.2
    ]
  },
  "walllong-03": {
    "position": [
      81.3,
      0,
      -298.4
    ],
    "rotation": [
      0,
      -1.5707963267948966,
      0
    ],
    "scale": [
      0.2,
      0.2,
      0.2
    ]
  },
  "walllong-04": {
    "position": [
      182.69131938108654,
      0,
      -298.3735794584463
    ],
    "rotation": [
      0,
      -1.5707963267948966,
      0
    ],
    "scale": [
      0.2,
      0.2,
      0.2
    ]
  },
  "walllong-05": {
    "position": [
      -138.09176392472293,
      0,
      -108.31218674262674
    ],
    "rotation": [
      0,
      0,
      0
    ],
    "scale": [
      0.2,
      0.2,
      0.2
    ]
  },
  "walllong-06": {
    "position": [
      216.59084263543465,
      0,
      56.736114681935426
    ],
    "rotation": [
      0,
      3.141592653589793,
      0
    ],
    "scale": [
      0.2,
      0.2,
      0.2
    ]
  },
  "walllong-07": {
    "position": [
      6.450476983732454,
      0,
      208.1989679825426
    ],
    "rotation": [
      0,
      3.141592653589793,
      0
    ],
    "scale": [
      0.2,
      0.2,
      0.2
    ]
  },
  "walllong-08": {
    "position": [
      189,
      0,
      -88.48187050133295
    ],
    "rotation": [
      0,
      3.141592653589793,
      0
    ],
    "scale": [
      0.2,
      0.2,
      0.2
    ]
  }
}