{
  "pyramide-main": {
    "position": [
      125.27527409822677,
      57.083007213719426,
      198.36117528641606
    ],
    "rotation": [
      0,
      3.1503891129948762,
      0
    ],
    "scale": [
      110,
      110,
      110
    ]
  },
  "Tempel-main": {
    "position": [
      -83.21566904377246,
      39.83818190362099,
      195.2026139793309
    ],
    "rotation": [
      0,
      0.002094395102393445,
      0
    ],
    "scale": [
      130,
      130,
      130
    ]
  },
  "Tempel2-main": {
    "position": [
      337.41349607961047,
      40.18500227938258,
      185.24922065739656
    ],
    "rotation": [
      0,
      3.1556251007508602,
      0
    ],
    "scale": [
      130,
      130,
      130
    ]
  },
  "Kirche-main": {
    "position": [
      127.81268603808556,
      -0.28432313203811643,
      -33.95918619042949
    ],
    "rotation": [
      0,
      1.5707963267948966,
      0
    ],
    "scale": [
      15,
      15,
      15
    ]
  },
  "LinusTempel-main": {
    "position": [
      -10.133300515318194,
      0.2933428370694986,
      -111.79296051250937
    ],
    "rotation": [
      0,
      3.125046932330822,
      0
    ],
    "scale": [
      6,
      6,
      6
    ]
  }
}