{
  "pyramide-01": {
    "position": [
      22.3052965419773,
      25.7199987411499,
      -204.4081983321292
    ],
    "rotation": [
      0,
      0,
      0
    ],
    "scale": [
      50,
      50,
      50
    ]
  },
  "tempelgr-01": {
    "position": [
      101.2007408637829,
      0,
      -220.20448523312447
    ],
    "rotation": [
      0,
      -3.141592653589793,
      0
    ],
    "scale": [
      1.4,
      1.4,
      1.4
    ]
  },
  "tempelgr-02": {
    "position": [
      -55.062561907158354,
      0,
      -204.3092347410198
    ],
    "rotation": [
      0,
      0,
      0
    ],
    "scale": [
      1.4,
      1.4,
      1.4
    ]
  },
  "tempelkl-01": {
    "position": [
      -108.57272285468258,
      0,
      -15.722556041312721
    ],
    "rotation": [
      0,
      0,
      0
    ],
    "scale": [
      2,
      2,
      2
    ]
  },
  "tempelkl-02": {
    "position": [
      91.61248586123122,
      -0.5760592764019966,
      -102.4982685592298
    ],
    "rotation": [
      0,
      0,
      0
    ],
    "scale": [
      2,
      2,
      2
    ]
  },
  "tempelkl-03": {
    "position": [
      152.2475748547202,
      -0.17045927643775938,
      -11.08706946824239
    ],
    "rotation": [
      0,
      0,
      0
    ],
    "scale": [
      2,
      2,
      2
    ]
  },
  "tempelkl-04": {
    "position": [
      -41.018317584929214,
      0,
      -102.36958969826324
    ],
    "rotation": [
      0,
      0,
      0
    ],
    "scale": [
      2,
      2,
      2
    ]
  },
  "kirche-01": {
    "position": [
      21.970792429177852,
      0,
      -109.61792101211127
    ],
    "rotation": [
      0,
      -1.5707963267948966,
      0
    ],
    "scale": [
      10,
      10,
      10
    ]
  },
  "tempelgrex-01": {
    "position": [
      -92.01302955420813,
      -2.8387788241326732,
      -87.82463387165215
    ],
    "rotation": [
      0,
      1.5707963267948966,
      0
    ],
    "scale": [
      1.5,
      1.5,
      1.5
    ]
  },
  "tempelgrex-02": {
    "position": [
      -41.9447535533771,
      -2.8387788241326732,
      -1.7097485982217318
    ],
    "rotation": [
      0,
      1.5707963267948966,
      0
    ],
    "scale": [
      1.5,
      1.5,
      1.5
    ]
  },
  "tempelgrex-03": {
    "position": [
      158.62537531507218,
      -4.12812133250168,
      -84.75582210700873
    ],
    "rotation": [
      0,
      1.5707963267948966,
      0
    ],
    "scale": [
      1.5,
      1.5,
      1.5
    ]
  },
  "tempelgrex-04": {
    "position": [
      105.66941005549482,
      -2.8387788241326732,
      -0.9047674234210615
    ],
    "rotation": [
      0,
      1.5707963267948966,
      0
    ],
    "scale": [
      1.5,
      1.5,
      1.5
    ]
  },
  "walllong-01": {
    "position": [
      181.5421815779086,
      0,
      4.350161466585551
    ],
    "rotation": [
      0,
      3.141592653589793,
      0
    ],
    "scale": [
      0.2,
      0.2,
      0.2
    ]
  },
  "walllong-02": {
    "position": [
      -137.80202147775285,
      0,
      -242.40075903756036
    ],
    "rotation": [
      0,
      0,
      0
    ],
    "scale": [
      0.2,
      0.2,
      0.2
    ]
  },
  "walllong-03": {
    "position": [
      144.26662159776214,
      0,
      -277.93374246709107
    ],
    "rotation": [
      0,
      -1.5707963267948966,
      0
    ],
    "scale": [
      0.2,
      0.2,
      0.2
    ]
  },
  "walllong-04": {
    "position": [
      -15.112967691812267,
      0,
      -278.01569238564315
    ],
    "rotation": [
      0,
      -1.5707963267948966,
      0
    ],
    "scale": [
      0.2,
      0.2,
      0.2
    ]
  },
  "walllong-05": {
    "position": [
      -137.80202147775285,
      0,
      -82.65402432086798
    ],
    "rotation": [
      0,
      0,
      0
    ],
    "scale": [
      0.2,
      0.2,
      0.2
    ]
  },
  "walllong-06": {
    "position": [
      181.5421815779086,
      0,
      -155.21475909289185
    ],
    "rotation": [
      0,
      3.141592653589793,
      0
    ],
    "scale": [
      0.2,
      0.2,
      0.2
    ]
  },
  "walllong-07": {
    "position": [
      58.74499943098045,
      0,
      40.37090406210939
    ],
    "rotation": [
      0,
      1.5707963267948966,
      0
    ],
    "scale": [
      0.2,
      0.2,
      0.2
    ]
  },
  "walllong-08": {
    "position": [
      -116.5591149613541,
      0,
      40.213224380211216
    ],
    "rotation": [
      0,
      1.5707963267948966,
      0
    ],
    "scale": [
      0.2,
      0.2,
      0.2
    ]
  },
  "cypress-01": {
    "position": [
      -1.569788797681699,
      0,
      -26.10860958072349
    ],
    "rotation": [
      0,
      0.3,
      0
    ],
    "scale": [
      0.7,
      0.7,
      0.7
    ]
  },
  "cypress-02": {
    "position": [
      -0.9887247596765038,
      0,
      2.9228403376005025
    ],
    "rotation": [
      0,
      0.3,
      0
    ],
    "scale": [
      0.7,
      0.7,
      0.7
    ]
  },
  "cypress-03": {
    "position": [
      -0.842054044079095,
      0,
      18.149150850224704
    ],
    "rotation": [
      0,
      0.3,
      0
    ],
    "scale": [
      0.7,
      0.7,
      0.7
    ]
  },
  "cypress-04": {
    "position": [
      0.24518317188384986,
      0,
      31.5311816169772
    ],
    "rotation": [
      0,
      0.3,
      0
    ],
    "scale": [
      0.7,
      0.7,
      0.7
    ]
  },
  "cypress-05": {
    "position": [
      61.955167178097376,
      0,
      -21.925078854304378
    ],
    "rotation": [
      0,
      0.3,
      0
    ],
    "scale": [
      0.7,
      0.7,
      0.7
    ]
  },
  "cypress-06": {
    "position": [
      -21.727919411469653,
      0,
      -25.836335916771443
    ],
    "rotation": [
      0,
      0.3,
      0
    ],
    "scale": [
      0.7,
      0.7,
      0.7
    ]
  },
  "cypress-07": {
    "position": [
      40.54490944981322,
      0,
      5.583853452650257
    ],
    "rotation": [
      0,
      0.3,
      0
    ],
    "scale": [
      0.7,
      0.7,
      0.7
    ]
  },
  "cypress-08": {
    "position": [
      42.588587850889624,
      0,
      19.603948303712922
    ],
    "rotation": [
      0,
      0.3,
      0
    ],
    "scale": [
      0.7,
      0.7,
      0.7
    ]
  },
  "cypress-09": {
    "position": [
      44.972443681193205,
      0,
      -22.499524191848522
    ],
    "rotation": [
      0,
      0.3,
      0
    ],
    "scale": [
      0.7,
      0.7,
      0.7
    ]
  },
  "cypress-10": {
    "position": [
      42.67852280354536,
      0,
      33.05744935052676
    ],
    "rotation": [
      0,
      0.3,
      0
    ],
    "scale": [
      0.7,
      0.7,
      0.7
    ]
  },
  "statue-01": {
    "position": [
      3.1688799791706135,
      6.662000001430513,
      -12.762688262803424
    ],
    "rotation": [
      0,
      0,
      0
    ],
    "scale": [
      7,
      7,
      7
    ]
  },
  "statue-02": {
    "position": [
      39.44407997993355,
      6.662000001430513,
      -12.762688262803424
    ],
    "rotation": [
      0,
      0,
      0
    ],
    "scale": [
      7,
      7,
      7
    ]
  },
  "buesche-01": {
    "position": [
      -85.51999999999995,
      -0.3027999968528736,
      22.937599998474127
    ],
    "rotation": [
      0,
      -0.4760560067989404,
      0
    ],
    "scale": [
      9,
      9,
      9
    ]
  },
  "buesche-02": {
    "position": [
      -105.88479999732967,
      -0.3027999968528736,
      9.011200000762939
    ],
    "rotation": [
      0,
      -0.3179291765682542,
      0
    ],
    "scale": [
      9,
      9,
      9
    ]
  },
  "buesche-03": {
    "position": [
      146.19199999999992,
      -0.3027999968528736,
      13.452799999237063
    ],
    "rotation": [
      0,
      -0.9077108374521123,
      0
    ],
    "scale": [
      9,
      9,
      9
    ]
  },
  "buesche-04": {
    "position": [
      129.3467952698119,
      -0.3027999968528736,
      28.241092517641952
    ],