{
  "pyramide-main": {
    "position": [
      125.27527409822677,
      37.2193346074241,
      198.36117528641606
    ],
    "rotation": [
      0,
      3.1503891129948762,
      0
    ],
    "scale": [
      110,
      110,
      110
    ]
  },
  "Tempel-main": {
    "position": [
      -70.54693058317304,
      24.333607398035188,
      181.73040212467808
    ],
    "rotation": [
      0,
      0.002094395102393445,
      0
    ],
    "scale": [
      130,
      130,
      130
    ]
  },
  "Tempel2-main": {
    "position": [
      337.41349607961047,
      26.92036323401899,
      185.24922065739656
    ],
    "rotation": [
      0,
      3.1556251007508602,
      0
    ],
    "scale": [
      130,
      130,
      130
    ]
  },
  "Kirche-main": {
    "position": [
      127.81268603808556,
      -16.751339759195723,
      -18.639623597371298
    ],
    "rotation": [
      0,
      1.5707963267948966,
      0
    ],
    "scale": [
      15,
      15,
      15
    ]
  },
  "LinusTempel-main": {
    "position": [
      -10.133300515318194,
      -15.499542364851864,
      -111.79296051250937
    ],
    "rotation": [
      0,
      3.125046932330822,
      0
    ],
    "scale": [
      6,
      6,
      6
    ]
  }
}