{
  "pyramide-main": {
    "position": [
      272.0312063631108,
      4.723698011705136,
      176.23697217761296
    ],
    "rotation": [
      0,
      3.155415661315522,
      0
    ],
    "scale": [
      0.02,
      0.02,
      0.02
    ]
  },
  "Tempel-main": {
    "position": [
      191.78187967685747,
      0.24990715980529787,
      195.128576323178
    ],
    "rotation": [
      0,
      6.283185307179586,
      0
    ],
    "scale": [
      2,
      2,
      2
    ]
  },
  "Tempel2-main": {
    "position": [
      347.34359555486736,
      0.24990715980529787,
      158.98042066006698
    ],
    "rotation": [
      0,
      3.141592653589793,
      0
    ],
    "scale": [
      2,
      2,
      2
    ]
  }
}