{
  "pyramide-main": {
    "position": [
      272.0312063631108,
      4.723698011705136,
      176.23697217761296
    ],
    "rotation": [
      0,
      3.155415661315522,
      0
    ],
    "scale": [
      0.02,
      0.02,
      0.02
    ]
  },
  "Tempel-main": {
    "position": [
      191.78187967685747,
      0.24990715980529787,
      188.52318841657237
    ],
    "rotation": [
      0,
      6.283185307179586,
      0
    ],
    "scale": [
      2,
      2,
      2
    ]
  },
  "Tempel2-main": {
    "position": [
      347.34359555486736,
      0.24990715980529787,
      158.98042066006698
    ],
    "rotation": [
      0,
      3.141592653589793,
      0
    ],
    "scale": [
      2,
      2,
      2
    ]
  },
  "Feuersockel-1": {
    "position": [
      100,
      100,
      100
    ],
    "rotation": [
      0,
      0,
      0
    ],
    "scale": [
      1,
      1,
      1
    ]
  },
  "Feuersockel-01": {
    "position": [
      325.3955713982493,
      0.5937607354052705,
      40.42412958239147
    ],
    "rotation": [
      0,
      0.0201502751721975,
      0
    ],
    "scale": [
      5,
      5,
      5
    ]
  },
  "Feuersockel-02": {
    "position": [
      221.69987279433425,
      0.5965754789570781,
      40.42412958239147
    ],
    "rotation": [
      0,
      0.0201502751721975,
      0
    ],
    "scale": [
      5,
      5,
      5
    ]
  },
  "TempelLinus": {
    "position": [
      191.78187967685747,
      0.6813752199738516,
      -84.1549123239557
    ],
    "rotation": [
      -3.141592653589793,
      0.03548770714146311,
      -3.141592653589793
    ],
    "scale": [
      6,
      6,
      6
    ]
  },
  "TempelInternet": {
    "position": [
      858.028808853236,
      1.5057318099264876,
      -588.9303643737221
    ],
    "rotation": [
      -3.141592653589793,
      0.03548770714146311,
      -3.141592653589793
    ],
    "scale": [
      1,
      1,
      1
    ]
  }
}