{
  "pyramide-main": {
    "position": [
      272.0312063631108,
      4.723698011705136,
      -51.992821227361816
    ],
    "rotation": [
      0,
      3.155415661315522,
      0
    ],
    "scale": [
      0.02,
      0.02,
      0.02
    ]
  }
}